<?xml version="1.0" encoding="UTF-8" standalone="yes"?>
<trpDocMetadata>
    <docId>6798952</docId>
    <title>01-gedreht</title>
    <uploadTimestamp>1739122987614</uploadTimestamp>
    <uploader>sushoefer@yahoo.de</uploader>
    <uploaderId>82749</uploaderId>
    <nrOfPages>10</nrOfPages>
    <pageId>91268865</pageId>
    <url>https://files.transkribus.eu/Get?fileType=view&amp;id=SIKKJDTYAZRCREUAQMLMUTNN</url>
    <thumbUrl>https://files.transkribus.eu/Get?fileType=thumb&amp;id=SIKKJDTYAZRCREUAQMLMUTNN</thumbUrl>
    <status>0</status>
    <fimgStoreColl>TrpDoc_DEA_6798952</fimgStoreColl>
    <origDocId>0</origDocId>
    <collectionList>
        <colList>
            <colId>1918203</colId>
            <colName>Masterarbeit</colName>
            <description>created by sushoefer@yahoo.de</description>
            <crowdsourcing>false</crowdsourcing>
            <elearning>false</elearning>
            <nrOfDocuments>0</nrOfDocuments>
            <isFavorite>false</isFavorite>
        </colList>
    </collectionList>
    <mainColId>1918203</mainColId>
</trpDocMetadata>
